<?xml version="1.0" encoding="utf-8" ?>
<manifest xmlns="http://www.imsglobal.org/xsd/imscp_v1p1"
          xmlns:xsi="http://www.w3.org/2001/XMLSchema-instance"
          xmlns:adlcp="http://www.adlnet.org/xsd/adlcp_rootv1p2"
          xmlns:cwsp="http://www.dspace.org/xmlns/cwspace_imscp"
          xmlns:ocw="http://ocw.mit.edu/xmlns/ocw_imscp"
          xmlns:lom="http://ocw.mit.edu/xmlns/LOM"
          identifier="urn_edu.mit.ocw_6-096-introduction-to-c-january-iap-2009"
          version="2010-11-13T11:46:45"
          cwsp:packageType="Course"
          xml:base="6-096-january-iap-2009/"
          xsi:schemaLocation="http://www.imsglobal.org/xsd/imscp_v1p1 http://www.imsglobal.org/xsd/imscp_v1p1.xsd  http://www.adlnet.org/xsd/adlcp_rootv1p2 http://www.adlnet.org/xsd/adlcp_rootv1p2.xsd http://www.dspace.org/xmlns/cwspace_imscp http://www.dspace.org/xsd/cwspace_imscp/version10/cwspace_imscpv10.xsd http://ocw.mit.edu/xmlns/ocw_imscp http://ocw.mit.edu/xsd/ocw_imscp/version10/ocw_imscpv10.xsd http://ocw.mit.edu/xmlns/LOM http://ocw.mit.edu/xsd/LOM/lomv1.0/lomv1.0.xsd">
   	<metadata>
   		<schema>IMS Content</schema>
        <schemaversion>1.1</schemaversion>
        <cwsp:packageMetadata>
            <cwsp:sourceSystem>OCW</cwsp:sourceSystem>
            <cwsp:profile>CWSpace</cwsp:profile>
            <cwsp:profileVersion>0.1</cwsp:profileVersion>
        </cwsp:packageMetadata>
        <lom:general uniqueElementName="general">
            <lom:title uniqueElementName="title">
				<lom:string language="en">Introduction to C++</lom:string>
			</lom:title>
			<lom:identifier>
				<lom:catalog uniqueElementName="catalog">OCW Master Course Number</lom:catalog>
		      	<lom:entry uniqueElementName="entry">6.096</lom:entry>
			</lom:identifier>
        </lom:general>
        <lom:lifecycle uniqueElementName="lifeCycle">
            <lom:version uniqueElementName="version">
				<lom:string language="en">January IAP 2009</lom:string>
			</lom:version>
            <lom:contribute>
	            <lom:role>
	                <lom:source uniqueElementName="source">OCW_LOMv1.0</lom:source>
	                <lom:value uniqueElementName="value">Author</lom:value>
	            </lom:role>
	            <lom:entity>Jesse Dunietz</lom:entity>
	            <lom:date uniqueElementName="date">
	                <lom:dateTime uniqueElementName="dateTime">2010-11-13</lom:dateTime>
	            </lom:date>
        	</lom:contribute>
            <lom:contribute>
	            <lom:role>
	                <lom:source uniqueElementName="source">OCW_LOMv1.0</lom:source>
	                <lom:value uniqueElementName="value">Author</lom:value>
	            </lom:role>
	            <lom:entity>Radhika Malik</lom:entity>
	            <lom:date uniqueElementName="date">
	                <lom:dateTime uniqueElementName="dateTime">2010-11-13</lom:dateTime>
	            </lom:date>
        	</lom:contribute>
            <lom:contribute>
	            <lom:role>
	                <lom:source uniqueElementName="source">OCW_LOMv1.0</lom:source>
	                <lom:value uniqueElementName="value">Author</lom:value>
	            </lom:role>
	            <lom:entity>Tanmay Kumar</lom:entity>
	            <lom:date uniqueElementName="date">
	                <lom:dateTime uniqueElementName="dateTime">2010-11-13</lom:dateTime>
	            </lom:date>
        	</lom:contribute>
        </lom:lifecycle>
        <adlcp:location>contents/index.htm.xml</adlcp:location>
    </metadata>
    <organizations default="ocw_6-096-introduction-to-c-january-iap-2009">
        <organization identifier="ocw_6-096-introduction-to-c-january-iap-2009">
            <title>Introduction to C++</title>
            <item identifier="i_6-096-introduction-to-c-january-iap-2009.CourseHome"
                  identifierref="r_contents.index.htm"
                  ocw:sectionTemplateType="CourseHomePage"
                  ocw:sectionTemplateVersion="2010-11-13">
				<title>Introduction to C++</title>
				<item identifier="i_6-096-introduction-to-c-january-iap-2009.chp_students.jpg"
          identifierref="r_contents.chp_students.jpg">
				<title>chp_students.jpg</title>
				</item>
			</item>
            <item identifier="i_6-096-introduction-to-c-january-iap-2009.syllabus"
                  identifierref="r_contents.syllabus.index.htm"
                  ocw:sectionTemplateType="CourseSection"
                  ocw:sectionTemplateVersion="2010-11-13">
				<title>Syllabus</title>
			</item>
            <item identifier="i_6-096-introduction-to-c-january-iap-2009.lecture-notes"
                  identifierref="r_contents.lecture-notes.index.htm"
                  ocw:sectionTemplateType="CourseSection"
                  ocw:sectionTemplateVersion="2010-11-13">
				<title>Lecture Notes</title>
				<item identifier="i_6-096-introduction-to-c-january-iap-2009.lecture-notes.lec6.pdf"
          identifierref="r_contents.lecture-notes.lec6.pdf">
				<title>lec6.pdf</title>
				</item>
				<item identifier="i_6-096-introduction-to-c-january-iap-2009.lecture-notes.lec5.pdf"
          identifierref="r_contents.lecture-notes.lec5.pdf">
				<title>lec5.pdf</title>
				</item>
				<item identifier="i_6-096-introduction-to-c-january-iap-2009.lecture-notes.lec3.pdf"
          identifierref="r_contents.lecture-notes.lec3.pdf">
				<title>lec3.pdf</title>
				</item>
				<item identifier="i_6-096-introduction-to-c-january-iap-2009.lecture-notes.lec7.pdf"
          identifierref="r_contents.lecture-notes.lec7.pdf">
				<title>lec7.pdf</title>
				</item>
				<item identifier="i_6-096-introduction-to-c-january-iap-2009.lecture-notes.6096_demo.zip"
          identifierref="r_contents.lecture-notes.6096_demo.zip">
				<title>6096_demo.zip</title>
				</item>
				<item identifier="i_6-096-introduction-to-c-january-iap-2009.lecture-notes.lec10.pdf"
          identifierref="r_contents.lecture-notes.lec10.pdf">
				<title>lec10.pdf</title>
				</item>
				<item identifier="i_6-096-introduction-to-c-january-iap-2009.lecture-notes.lec1.pdf"
          identifierref="r_contents.lecture-notes.lec1.pdf">
				<title>lec1.pdf</title>
				</item>
				<item identifier="i_6-096-introduction-to-c-january-iap-2009.lecture-notes.lec4.pdf"
          identifierref="r_contents.lecture-notes.lec4.pdf">
				<title>lec4.pdf</title>
				</item>
				<item identifier="i_6-096-introduction-to-c-january-iap-2009.lecture-notes.lec9.pdf"
          identifierref="r_contents.lecture-notes.lec9.pdf">
				<title>lec9.pdf</title>
				</item>
				<item identifier="i_6-096-introduction-to-c-january-iap-2009.lecture-notes.lec2.pdf"
          identifierref="r_contents.lecture-notes.lec2.pdf">
				<title>lec2.pdf</title>
				</item>
			</item>
            <item identifier="i_6-096-introduction-to-c-january-iap-2009.assignments"
                  identifierref="r_contents.assignments.index.htm"
                  ocw:sectionTemplateType="CourseSection"
                  ocw:sectionTemplateVersion="2010-11-13">
				<title>Assignments</title>
				<item identifier="i_6-096-introduction-to-c-january-iap-2009.assignments.assn2.pdf"
          identifierref="r_contents.assignments.assn2.pdf">
				<title>assn2.pdf</title>
				</item>
				<item identifier="i_6-096-introduction-to-c-january-iap-2009.assignments.assn5_soln.pdf"
          identifierref="r_contents.assignments.assn5_soln.pdf">
				<title>assn5_soln.pdf</title>
				</item>
				<item identifier="i_6-096-introduction-to-c-january-iap-2009.assignments.assn7.pdf"
          identifierref="r_contents.assignments.assn7.pdf">
				<title>assn7.pdf</title>
				</item>
				<item identifier="i_6-096-introduction-to-c-january-iap-2009.assignments.assn5.pdf"
          identifierref="r_contents.assignments.assn5.pdf">
				<title>assn5.pdf</title>
				</item>
				<item identifier="i_6-096-introduction-to-c-january-iap-2009.assignments.assn6.pdf"
          identifierref="r_contents.assignments.assn6.pdf">
				<title>assn6.pdf</title>
				</item>
				<item identifier="i_6-096-introduction-to-c-january-iap-2009.assignments.assn7_soln.pdf"
          identifierref="r_contents.assignments.assn7_soln.pdf">
				<title>assn7_soln.pdf</title>
				</item>
				<item identifier="i_6-096-introduction-to-c-january-iap-2009.assignments.assn1.pdf"
          identifierref="r_contents.assignments.assn1.pdf">
				<title>assn1.pdf</title>
				</item>
				<item identifier="i_6-096-introduction-to-c-january-iap-2009.assignments.assn4.pdf"
          identifierref="r_contents.assignments.assn4.pdf">
				<title>assn4.pdf</title>
				</item>
				<item identifier="i_6-096-introduction-to-c-january-iap-2009.assignments.assn3_soln.pdf"
          identifierref="r_contents.assignments.assn3_soln.pdf">
				<title>assn3_soln.pdf</title>
				</item>
				<item identifier="i_6-096-introduction-to-c-january-iap-2009.assignments.assn1_soln.pdf"
          identifierref="r_contents.assignments.assn1_soln.pdf">
				<title>assn1_soln.pdf</title>
				</item>
				<item identifier="i_6-096-introduction-to-c-january-iap-2009.assignments.assn3.pdf"
          identifierref="r_contents.assignments.assn3.pdf">
				<title>assn3.pdf</title>
				</item>
				<item identifier="i_6-096-introduction-to-c-january-iap-2009.assignments.assn2_soln.pdf"
          identifierref="r_contents.assignments.assn2_soln.pdf">
				<title>assn2_soln.pdf</title>
				</item>
				<item identifier="i_6-096-introduction-to-c-january-iap-2009.assignments.assn4_soln.pdf"
          identifierref="r_contents.assignments.assn4_soln.pdf">
				<title>assn4_soln.pdf</title>
				</item>
				<item identifier="i_6-096-introduction-to-c-january-iap-2009.assignments.assn6_soln.pdf"
          identifierref="r_contents.assignments.assn6_soln.pdf">
				<title>assn6_soln.pdf</title>
				</item>
			</item>
            <item identifier="i_terms"
                  identifierref="r_common.terms.index.htm"
                  ocw:sectionTemplateType="GlobalSection"
                  ocw:sectionTemplateVersion="2010-11-13">
				<title>Legal Notices</title>
			</item>
            <item identifier="i_terms"
                  identifierref="r_common.terms.index.htm"
                  ocw:sectionTemplateType="GlobalSection"
                  ocw:sectionTemplateVersion="2010-11-13">
				<title>Privacy Statement</title>
			</item>
            <item identifier="i_terms.trademarks"
                  identifierref="r_common.terms.trademarks.index.htm"
                  ocw:sectionTemplateType="GlobalSection"
                  ocw:sectionTemplateVersion="2010-11-13">
				<title>Trademark Notices</title>
			</item>
        </organization>
    </organizations>
    <resources>
        <resource identifier="r_contents.lecture-notes.lec3.pdf"
                  type="other"
                  href="contents/lecture-notes/lec3.pdf">
            <metadata>
                <adlcp:location>contents/lecture-notes/lec3.pdf.xml</adlcp:location>
            </metadata>
            <file href="contents/lecture-notes/lec3.pdf"/>
                        
        </resource>
        <resource identifier="r_contents.assignments.index.htm"
                  type="webcontent"
                  href="contents/assignments/index.htm">
            <metadata>
                <adlcp:location>contents/assignments/index.htm.xml</adlcp:location>
            </metadata>
            <file href="contents/assignments/index.htm"/>
            <dependency identifierref="webrenderrequirements.6-096-introduction-to-c-january-iap-2009"/>            
        </resource>
        <resource identifier="r_contents.lecture-notes.lec2.pdf"
                  type="other"
                  href="contents/lecture-notes/lec2.pdf">
            <metadata>
                <adlcp:location>contents/lecture-notes/lec2.pdf.xml</adlcp:location>
            </metadata>
            <file href="contents/lecture-notes/lec2.pdf"/>
                        
        </resource>
        <resource identifier="r_contents.assignments.assn4_soln.pdf"
                  type="other"
                  href="contents/assignments/assn4_soln.pdf">
            <metadata>
                <adlcp:location>contents/assignments/assn4_soln.pdf.xml</adlcp:location>
            </metadata>
            <file href="contents/assignments/assn4_soln.pdf"/>
                        
        </resource>
        <resource identifier="r_contents.lecture-notes.lec5.pdf"
                  type="other"
                  href="contents/lecture-notes/lec5.pdf">
            <metadata>
                <adlcp:location>contents/lecture-notes/lec5.pdf.xml</adlcp:location>
            </metadata>
            <file href="contents/lecture-notes/lec5.pdf"/>
                        
        </resource>
        <resource identifier="r_contents.assignments.assn5.pdf"
                  type="other"
                  href="contents/assignments/assn5.pdf">
            <metadata>
                <adlcp:location>contents/assignments/assn5.pdf.xml</adlcp:location>
            </metadata>
            <file href="contents/assignments/assn5.pdf"/>
                        
        </resource>
        <resource identifier="r_contents.syllabus.index.htm"
                  type="webcontent"
                  href="contents/syllabus/index.htm">
            <metadata>
                <adlcp:location>contents/syllabus/index.htm.xml</adlcp:location>
            </metadata>
            <file href="contents/syllabus/index.htm"/>
            <dependency identifierref="webrenderrequirements.6-096-introduction-to-c-january-iap-2009"/>            
        </resource>
        <resource identifier="r_contents.assignments.assn2.pdf"
                  type="other"
                  href="contents/assignments/assn2.pdf">
            <metadata>
                <adlcp:location>contents/assignments/assn2.pdf.xml</adlcp:location>
            </metadata>
            <file href="contents/assignments/assn2.pdf"/>
                        
        </resource>
        <resource identifier="r_contents.index.htm"
                  type="webcontent"
                  href="contents/index.htm">
            <metadata>
                <adlcp:location>contents/index.htm.xml</adlcp:location>
            </metadata>
            <file href="contents/index.htm"/>
            <dependency identifierref="webrenderrequirements.6-096-introduction-to-c-january-iap-2009"/>            
        </resource>
        <resource identifier="r_contents.lecture-notes.lec4.pdf"
                  type="other"
                  href="contents/lecture-notes/lec4.pdf">
            <metadata>
                <adlcp:location>contents/lecture-notes/lec4.pdf.xml</adlcp:location>
            </metadata>
            <file href="contents/lecture-notes/lec4.pdf"/>
                        
        </resource>
        <resource identifier="r_contents.assignments.assn2_soln.pdf"
                  type="other"
                  href="contents/assignments/assn2_soln.pdf">
            <metadata>
                <adlcp:location>contents/assignments/assn2_soln.pdf.xml</adlcp:location>
            </metadata>
            <file href="contents/assignments/assn2_soln.pdf"/>
                        
        </resource>
        <resource identifier="r_contents.chp_students.jpg"
                  type="other"
                  href="contents/chp_students.jpg">
            <metadata>
                <adlcp:location>contents/chp_students.jpg.xml</adlcp:location>
            </metadata>
            <file href="contents/chp_students.jpg"/>
                        
        </resource>
        <resource identifier="r_contents.lecture-notes.6096_demo.zip"
                  type="other"
                  href="contents/lecture-notes/6096_demo.zip">
            <metadata>
                <adlcp:location>contents/lecture-notes/6096_demo.zip.xml</adlcp:location>
            </metadata>
            <file href="contents/lecture-notes/6096_demo.zip"/>
                        
        </resource>
        <resource identifier="r_contents.assignments.assn6.pdf"
                  type="other"
                  href="contents/assignments/assn6.pdf">
            <metadata>
                <adlcp:location>contents/assignments/assn6.pdf.xml</adlcp:location>
            </metadata>
            <file href="contents/assignments/assn6.pdf"/>
                        
        </resource>
        <resource identifier="r_contents.lecture-notes.index.htm"
                  type="webcontent"
                  href="contents/lecture-notes/index.htm">
            <metadata>
                <adlcp:location>contents/lecture-notes/index.htm.xml</adlcp:location>
            </metadata>
            <file href="contents/lecture-notes/index.htm"/>
            <dependency identifierref="webrenderrequirements.6-096-introduction-to-c-january-iap-2009"/>            
        </resource>
        <resource identifier="r_contents.assignments.assn5_soln.pdf"
                  type="other"
                  href="contents/assignments/assn5_soln.pdf">
            <metadata>
                <adlcp:location>contents/assignments/assn5_soln.pdf.xml</adlcp:location>
            </metadata>
            <file href="contents/assignments/assn5_soln.pdf"/>
                        
        </resource>
        <resource identifier="r_contents.lecture-notes.lec10.pdf"
                  type="other"
                  href="contents/lecture-notes/lec10.pdf">
            <metadata>
                <adlcp:location>contents/lecture-notes/lec10.pdf.xml</adlcp:location>
            </metadata>
            <file href="contents/lecture-notes/lec10.pdf"/>
                        
        </resource>
        <resource identifier="r_contents.lecture-notes.lec1.pdf"
                  type="other"
                  href="contents/lecture-notes/lec1.pdf">
            <metadata>
                <adlcp:location>contents/lecture-notes/lec1.pdf.xml</adlcp:location>
            </metadata>
            <file href="contents/lecture-notes/lec1.pdf"/>
                        
        </resource>
        <resource identifier="r_contents.lecture-notes.lec6.pdf"
                  type="other"
                  href="contents/lecture-notes/lec6.pdf">
            <metadata>
                <adlcp:location>contents/lecture-notes/lec6.pdf.xml</adlcp:location>
            </metadata>
            <file href="contents/lecture-notes/lec6.pdf"/>
                        
        </resource>
        <resource identifier="r_contents.assignments.assn1_soln.pdf"
                  type="other"
                  href="contents/assignments/assn1_soln.pdf">
            <metadata>
                <adlcp:location>contents/assignments/assn1_soln.pdf.xml</adlcp:location>
            </metadata>
            <file href="contents/assignments/assn1_soln.pdf"/>
                        
        </resource>
        <resource identifier="r_contents.assignments.assn7_soln.pdf"
                  type="other"
                  href="contents/assignments/assn7_soln.pdf">
            <metadata>
                <adlcp:location>contents/assignments/assn7_soln.pdf.xml</adlcp:location>
            </metadata>
            <file href="contents/assignments/assn7_soln.pdf"/>
                        
        </resource>
        <resource identifier="r_contents.assignments.assn3_soln.pdf"
                  type="other"
                  href="contents/assignments/assn3_soln.pdf">
            <metadata>
                <adlcp:location>contents/assignments/assn3_soln.pdf.xml</adlcp:location>
            </metadata>
            <file href="contents/assignments/assn3_soln.pdf"/>
                        
        </resource>
        <resource identifier="r_contents.lecture-notes.lec7.pdf"
                  type="other"
                  href="contents/lecture-notes/lec7.pdf">
            <metadata>
                <adlcp:location>contents/lecture-notes/lec7.pdf.xml</adlcp:location>
            </metadata>
            <file href="contents/lecture-notes/lec7.pdf"/>
                        
        </resource>
        <resource identifier="r_contents.assignments.assn4.pdf"
                  type="other"
                  href="contents/assignments/assn4.pdf">
            <metadata>
                <adlcp:location>contents/assignments/assn4.pdf.xml</adlcp:location>
            </metadata>
            <file href="contents/assignments/assn4.pdf"/>
                        
        </resource>
        <resource identifier="r_contents.assignments.assn3.pdf"
                  type="other"
                  href="contents/assignments/assn3.pdf">
            <metadata>
                <adlcp:location>contents/assignments/assn3.pdf.xml</adlcp:location>
            </metadata>
            <file href="contents/assignments/assn3.pdf"/>
                        
        </resource>
        <resource identifier="r_contents.assignments.assn1.pdf"
                  type="other"
                  href="contents/assignments/assn1.pdf">
            <metadata>
                <adlcp:location>contents/assignments/assn1.pdf.xml</adlcp:location>
            </metadata>
            <file href="contents/assignments/assn1.pdf"/>
                        
        </resource>
        <resource identifier="r_contents.assignments.assn6_soln.pdf"
                  type="other"
                  href="contents/assignments/assn6_soln.pdf">
            <metadata>
                <adlcp:location>contents/assignments/assn6_soln.pdf.xml</adlcp:location>
            </metadata>
            <file href="contents/assignments/assn6_soln.pdf"/>
                        
        </resource>
        <resource identifier="r_contents.assignments.assn7.pdf"
                  type="other"
                  href="contents/assignments/assn7.pdf">
            <metadata>
                <adlcp:location>contents/assignments/assn7.pdf.xml</adlcp:location>
            </metadata>
            <file href="contents/assignments/assn7.pdf"/>
                        
        </resource>
        <resource identifier="r_contents.lecture-notes.lec9.pdf"
                  type="other"
                  href="contents/lecture-notes/lec9.pdf">
            <metadata>
                <adlcp:location>contents/lecture-notes/lec9.pdf.xml</adlcp:location>
            </metadata>
            <file href="contents/lecture-notes/lec9.pdf"/>
                        
        </resource>        
        <resource identifier="r_common.search.AdvancedSearch.htm"
                  type="webcontent"
                  href="common/search/AdvancedSearch.htm">
            <file href="common/search/AdvancedSearch.htm"/>
            <dependency identifierref="webrenderrequirements.6-096-introduction-to-c-january-iap-2009"/>            
        </resource>
        <resource identifier="r_common.jsp.feedback.htm"
                  type="webcontent"
                  href="common/jsp/feedback.htm">
            <file href="common/jsp/feedback.htm"/>
            <dependency identifierref="webrenderrequirements.6-096-introduction-to-c-january-iap-2009"/>            
        </resource>
        <resource identifier="r_common.terms.index.htm"
                  type="webcontent"
                  href="common/terms/index.htm">
            <file href="common/terms/share.png"/>
            <file href="common/terms/remix.png"/>
            <file href="common/terms/by.png"/>
            <file href="common/terms/nc.png"/>
            <file href="common/terms/sa.png"/>
            <file href="common/terms/deedheadyellow.png"/>
            <file href="common/terms/freedomsheader.png"/>
            <file href="common/terms/limitationsheader.png"/>
            <file href="common/terms/deedfootyellow.png"/>
            <dependency identifierref="webrenderrequirements.6-096-introduction-to-c-january-iap-2009"/>            
        </resource>
        <resource identifier="r_common.terms.trademarks.index.htm"
                  type="webcontent"
                  href="common/terms/trademarks/index.htm">
            <file href="common/terms/trademarks/index.htm"/>
            <dependency identifierref="webrenderrequirements.6-096-introduction-to-c-january-iap-2009"/>            
        </resource>
        <resource identifier="webrenderrequirements.6-096-introduction-to-c-january-iap-2009"
                  type="webcontent">
        	<file href="common/styles/common.css"/>
        	<file href="common/styles/courses.css"/>
        	<file href="common/styles/global.css"/>
        	<file href="common/styles/highslide.css"/>
        	<file href="common/styles/highslide-ie6.css"/>
        	<file href="common/styles/scholar.css"/>
        	<file href="common/scripts/highslide-with-gallery.js"/>
        	<file href="common/scripts/jQuizMe-uncompressed.js"/>
        	<file href="common/images/logo-ocw-home_new.gif"/>
        	<file href="common/images/newsletter_signup_trans.gif"/>
        	<file href="common/images/donate_now.gif"/>
        	<file href="common/images/trans.gif"/>
        	<file href="common/images/footer_rss_new.gif"/>
        	<file href="common/images/cc_logo_new.gif"/>
        	<file href="common/images/ocw-logo_new.gif"/>
        	<file href="common/images/go_new.gif"/>
        	<file href="common/images/a_logo_17.gif"/>
        	<file href="common/images/horizontal_dots.gif"/>
        	<file href="common/images/black-arrow.gif"/>
        	<file href="common/images/rss-small.gif"/>
        	<file href="common/images/bullet1.gif"/>
        	<file href="common/images/body_bg.gif"/>
        	<file href="common/images/red-arrow.gif"/>
        	<file href="common/images/bg.gif"/>
        	<file href="common/images/home-top-img.jpg"/>
        	<file href="common/images/global-nav-pipe.gif"/>
        	<file href="common/images/black-email-ico.gif"/>
        	<file href="common/images/mit-logo_new.gif"/>
        	<file href="common/images/highslide/graphics/zoomin.cur"/>
        	<file href="common/images/highslide/graphics/zoomout.cur"/>
        	<file href="common/images/highslide/graphics/controlbar2.gif"/>
        	<file href="common/images/highslide/graphics/controlbar3.gif"/>
        	<file href="common/images/highslide/graphics/controlbar4.gif"/>
        	<file href="common/images/highslide/graphics/controlbar4-hover.gif"/>
        	<file href="common/images/highslide/graphics/controlbar-black-border.gif"/>
        	<file href="common/images/highslide/graphics/controlbar-white.gif"/>
        	<file href="common/images/highslide/graphics/controlbar-white-small.gif"/>
        	<file href="common/images/highslide/graphics/fullexpand.gif"/>
        	<file href="common/images/highslide/graphics/icon.gif"/>
        	<file href="common/images/highslide/graphics/loader.gif"/>
        	<file href="common/images/highslide/graphics/loader.white.gif"/>
        	<file href="common/images/highslide/graphics/resize.gif"/>
        	<file href="common/images/highslide/graphics/close.png"/>
        	<file href="common/images/highslide/graphics/closeX.png"/>
        	<file href="common/images/highslide/graphics/controlbar-text-buttons.png"/>
        	<file href="common/images/highslide/graphics/geckodimmer.png"/>
        	<file href="common/images/highslide/graphics/scrollarrows.png"/>
        	<file href="common/images/highslide/graphics/outlines/beveled.png"/>
        	<file href="common/images/highslide/graphics/outlines/drop-shadow.png"/>
        	<file href="common/images/highslide/graphics/outlines/glossy-dark.png"/>
        	<file href="common/images/highslide/graphics/outlines/outer-glow.png"/>
        	<file href="common/images/highslide/graphics/outlines/rounded-black.png"/>
        	<file href="common/images/highslide/graphics/outlines/rounded-white.png"/>
        	<file href="common/images/highslide/graphics/outlines/Outlines.psd"/>
        	<file href="common/images/button_continue.jpg"/>
        	<file href="common/images/button_donate.jpg"/>
        	<file href="common/images/button_start.jpg"/>
        	<file href="common/images/scholar_bar.jpg"/>
        	<file href="common/images/logo_pdf.jpg"/>
        	<file href="common/images/h2_trigger_open_close.gif"/>
        	<file href="common/images/bookmark.gif"/>
        	<file href="common/images/check.png"/>
        	<file href="common/images/lightbulb.png"/>
        	<file href="common/images/audio_file.gif"/>
        	<file href="common/images/audio_only_slate.gif"/>
        	<file href="common/images/video_file.gif"/>
        	<file href="common/images/back-5.png"/>
        	<file href="common/images/btn_next_resource.png"/>
        	<file href="common/images/btn_previous_resource.png"/>
        	<file href="common/scripts/jquery-ui.min.js"/>
        	<file href="common/scripts/common-utils-offline.js"/>
        	<file href="common/styles/jquery-ui.css"/>
        </resource>        
  </resources>
</manifest>
